gelir_id,tarih,ogrenci_id,paket_id,gelir_turu,tutar,odeme_yontemi,taksit_mi
1,15.10.2025,2,1,Kayıt Ücreti,"₺20.890,00",Havale/EFT,Hayır
2,15.10.2025,3,1,Kayıt Ücreti,"₺20.890,00",Nakit,Hayır
3,15.10.2025,25,1,Kayıt Ücreti,"₺20.890,00",Nakit,Hayır
4,15.10.2025,26,1,Kayıt Ücreti,"₺20.890,00",Nakit,Hayır
5,15.10.2025,27,1,Kayıt Ücreti,"₺20.890,00",Nakit,Hayır
6,15.10.2025,28,1,Kayıt Ücreti,"₺20.890,00",Havale/EFT,Hayır
7,15.10.2025,29,1,Kayıt Ücreti,"₺20.890,00",Havale/EFT,Hayır
8,15.10.2025,30,1,Kayıt Ücreti,"₺20.890,00",Nakit,Hayır
9,15.10.2025,31,1,Kayıt Ücreti,"₺20.890,00",Nakit,Hayır
10,15.10.2025,32,1,Kayıt Ücreti,"₺20.890,00",Havale/EFT,Hayır
11,15.10.2025,33,1,Kayıt Ücreti,"₺20.890,00",Havale/EFT,Hayır
12,15.10.2025,41,1,Kayıt Ücreti,"₺20.890,00",Nakit,Hayır
13,15.10.2025,42,1,Kayıt Ücreti,"₺20.890,00",Nakit,Hayır
14,15.10.2025,43,1,Kayıt Ücreti,"₺20.890,00",Havale/EFT,Hayır
15,15.10.2025,44,1,Kayıt Ücreti,"₺20.890,00",Havale/EFT,Hayır
16,15.10.2025,45,1,Kayıt Ücreti,"₺20.890,00",Havale/EFT,Hayır
17,15.10.2025,46,1,Kayıt Ücreti,"₺20.890,00",Nakit,Hayır
18,15.10.2025,47,1,Kayıt Ücreti,"₺20.890,00",Nakit,Hayır
19,15.10.2025,48,1,Kayıt Ücreti,"₺20.890,00",Nakit,Hayır
20,15.10.2025,49,1,Kayıt Ücreti,"₺20.890,00",Nakit,Hayır
21,15.10.2025,50,1,Kayıt Ücreti,"₺20.890,00",Havale/EFT,Hayır
22,15.10.2025,51,1,Kayıt Ücreti,"₺20.890,00",Nakit,Hayır
23,15.10.2025,52,1,Kayıt Ücreti,"₺20.890,00",Nakit,Hayır
24,15.10.2025,53,1,Kayıt Ücreti,"₺20.890,00",Nakit,Hayır
25,15.10.2025,54,1,Kayıt Ücreti,"₺20.890,00",Nakit,Hayır
26,15.10.2025,55,1,Kayıt Ücreti,"₺20.890,00",Havale/EFT,Hayır
27,15.10.2025,56,1,Kayıt Ücreti,"₺20.890,00",Havale/EFT,Hayır
28,15.10.2025,57,1,Kayıt Ücreti,"₺20.890,00",Nakit,Hayır
29,15.10.2025,58,1,Kayıt Ücreti,"₺20.890,00",Nakit,Hayır
30,15.10.2025,59,1,Kayıt Ücreti,"₺20.890,00",Nakit,Hayır
31,15.10.2025,60,1,Kayıt Ücreti,"₺20.890,00",Nakit,Hayır
32,15.10.2025,61,1,Kayıt Ücreti,"₺20.890,00",Havale/EFT,Hayır
33,15.10.2025,62,1,Kayıt Ücreti,"₺20.890,00",Nakit,Hayır
34,15.10.2025,63,1,Kayıt Ücreti,"₺20.890,00",Nakit,Hayır
35,15.10.2025,64,1,Kayıt Ücreti,"₺20.890,00",Nakit,Hayır
36,15.10.2025,65,1,Kayıt Ücreti,"₺20.890,00",Nakit,Hayır
37,15.10.2025,1,2,Kayıt Ücreti,"₺35.000,00",Havale/EFT,Hayır
38,15.10.2025,4,2,Kayıt Ücreti,"₺35.000,00",Havale/EFT,Hayır
39,15.10.2025,5,2,Kayıt Ücreti,"₺35.000,00",Havale/EFT,Hayır
40,15.10.2025,6,2,Kayıt Ücreti,"₺35.000,00",Havale/EFT,Hayır
41,17.10.2025,7,2,Kayıt Ücreti,"₺35.000,00",Havale/EFT,Hayır
42,17.10.2025,8,2,Kayıt Ücreti,"₺35.000,00",Havale/EFT,Hayır
43,17.10.2025,9,2,Kayıt Ücreti,"₺35.000,00",Havale/EFT,Hayır
44,17.10.2025,10,2,Kayıt Ücreti,"₺35.000,00",Nakit,Hayır
45,17.10.2025,11,2,Kayıt Ücreti,"₺35.000,00",Nakit,Hayır
46,17.10.2025,12,2,Kayıt Ücreti,"₺35.000,00",Nakit,Hayır
47,17.10.2025,13,2,Kayıt Ücreti,"₺35.000,00",Havale/EFT,Hayır
48,17.10.2025,14,2,Kayıt Ücreti,"₺35.000,00",Havale/EFT,Hayır
49,17.10.2025,15,2,Kayıt Ücreti,"₺35.000,00",Havale/EFT,Hayır
50,17.10.2025,16,2,Kayıt Ücreti,"₺35.000,00",Havale/EFT,Hayır
51,17.10.2025,17,2,Kayıt Ücreti,"₺35.000,00",Havale/EFT,Hayır
52,17.10.2025,18,2,Kayıt Ücreti,"₺35.000,00",Havale/EFT,Hayır
53,17.10.2025,19,2,Kayıt Ücreti,"₺35.000,00",Havale/EFT,Hayır
54,17.10.2025,20,2,Kayıt Ücreti,"₺35.000,00",Nakit,Hayır
55,17.10.2025,21,2,Kayıt Ücreti,"₺35.000,00",Nakit,Hayır
56,17.10.2025,22,2,Kayıt Ücreti,"₺35.000,00",Nakit,Hayır
57,17.10.2025,23,2,Kayıt Ücreti,"₺35.000,00",Havale/EFT,Hayır
58,17.10.2025,24,2,Kayıt Ücreti,"₺35.000,00",Havale/EFT,Hayır
59,18.10.2025,34,2,Kayıt Ücreti,"₺35.000,00",Havale/EFT,Hayır
60,18.10 2025,35,2,Kayıt Ücreti,"₺35.000,00",Havale/EFT,Hayır
61,18.10.2025,36,2,Kayıt Ücreti,"₺35.000,00",Havale/EFT,Hayır
62,18.10.2025,37,2,Kayıt Ücreti,"₺35.000,00",Havale/EFT,Hayır
63,18.10.2025,38,2,Kayıt Ücreti,"₺35.000,00",Havale/EFT,Hayır
64,18.10 2025,39,2,Kayıt Ücreti,"₺35.000,00",Nakit,Hayır
65,18.10.2025,40,2,Kayıt Ücreti,"₺35.000,00",Nakit,Hayır
66,18.10.2025,66,2,Kayıt Ücreti,"₺35.000,00",Nakit,Hayır
67,18.10.2025,67,2,Kayıt Ücreti,"₺35.000,00",Havale/EFT,Hayır
68,18.10 2025,68,2,Kayıt Ücreti,"₺35.000,00",Havale/EFT,Hayır
69,18.10.2025,69,2,Kayıt Ücreti,"₺35.000,00",Havale/EFT,Hayır
70,18.10.2025,70,2,Kayıt Ücreti,"₺35.000,00",Havale/EFT,Hayır
71,18.10.2025,71,2,Kayıt Ücreti,"₺35.000,00",Havale/EFT,Hayır
72,18.10 2025,72,2,Kayıt Ücreti,"₺35.000,00",Havale/EFT,Hayır
73,18.10.2025,73,2,Kayıt Ücreti,"₺35.000,00",Havale/EFT,Hayır
74,18.10.2025,74,2,Kayıt Ücreti,"₺35.000,00",Nakit,Hayır
75,18.10.2025,75,2,Kayıt Ücreti,"₺35.000,00",Nakit,Hayır
76,18.10 2025,76,2,Kayıt Ücreti,"₺35.000,00",Nakit,Hayır
77,18.10.2025,77,2,Kayıt Ücreti,"₺35.000,00",Havale/EFT,Hayır
78,18.10.2025,78,2,Kayıt Ücreti,"₺35.000,00",Havale/EFT,Hayır
79,18.10.2025,79,2,Kayıt Ücreti,"₺35.000,00",Havale/EFT,Hayır
80,18.10 2025,80,2,Kayıt Ücreti,"₺35.000,00",Havale/EFT,Hayır
81,18.10.2025,81,2,Kayıt Ücreti,"₺35.000,00",Havale/EFT,Hayır
82,18.10.2025,82,2,Kayıt Ücreti,"₺35.000,00",Havale/EFT,Hayır
83,18.10.2025,83,2,Kayıt Ücreti,"₺35.000,00",Havale/EFT,Hayır
84,18.10 2025,84,2,Kayıt Ücreti,"₺35.000,00",Nakit,Hayır
85,18.10.2025,85,2,Kayıt Ücreti,"₺35.000,00",Nakit,Hayır
86,18.10.2025,86,2,Kayıt Ücreti,"₺35.000,00",Nakit,Hayır
87,18.10.2025,87,2,Kayıt Ücreti,"₺35.000,00",Havale/EFT,Hayır
88,18.10 2025,88,2,Kayıt Ücreti,"₺35.000,00",Havale/EFT,Hayır
89,18.10.2025,89,2,Kayıt Ücreti,"₺35.000,00",Havale/EFT,Hayır
90,18.10.2025,90,2,Kayıt Ücreti,"₺35.000,00",Havale/EFT,Hayır
91,18.10.2025,91,2,Kayıt Ücreti,"₺35.000,00",Havale/EFT,Hayır
92,18.10 2025,92,2,Kayıt Ücreti,"₺35.000,00",Havale/EFT,Hayır
93,18.10.2025,93,2,Kayıt Ücreti,"₺35.000,00",Havale/EFT,Hayır
94,18.10.2025,94,2,Kayıt Ücreti,"₺35.000,00",Havale/EFT,Hayır
95,18.10.2025,95,2,Kayıt Ücreti,"₺35.000,00",Havale/EFT,Hayır
96,18.10 2025,96,2,Kayıt Ücreti,"₺35.000,00",Havale/EFT,Hayır
97,18.10.2025,97,2,Kayıt Ücreti,"₺35.000,00",Havale/EFT,Hayır
98,18.10.2025,98,2,Kayıt Ücreti,"₺35.000,00",Havale/EFT,Hayır
99,18.10.2025,99,2,Kayıt Ücreti,"₺35.000,00",Havale/EFT,Hayır
100,18.10 2025,100,2,Kayıt Ücreti,"₺35.000,00",Havale/EFT,Hayır
101,18.10.2025,101,2,Kayıt Ücreti,"₺35.000,00",Havale/EFT,Hayır
102,18.10.2025,102,2,Kayıt Ücreti,"₺35.000,00",Havale/EFT,Hayır
103,18.10.2025,103,2,Kayıt Ücreti,"₺35.000,00",Havale/EFT,Hayır
104,18.10 2025,104,2,Kayıt Ücreti,"₺35.000,00",Havale/EFT,Hayır
105,18.10.2025,105,2,Kayıt Ücreti,"₺35.000,00",Havale/EFT,Hayır
106,18.10.2025,106,2,Kayıt Ücreti,"₺35.000,00",Havale/EFT,Hayır
107,18.10.2025,107,2,Kayıt Ücreti,"₺35.000,00",Havale/EFT,Hayır
108,19.10.2025,108,2,Kayıt Ücreti,"₺35.000,00",Havale/EFT,Hayır
109,19.10.2025,109,2,Kayıt Ücreti,"₺35.000,00",Havale/EFT,Hayır
110,19.10.2025,110,2,Kayıt Ücreti,"₺35.000,00",Havale/EFT,Hayır
111,19.10.2025,111,2,Kayıt Ücreti,"₺35.000,00",Havale/EFT,Hayır
112,20.10.2025,112,2,Kayıt Ücreti,"₺35.000,00",Havale/EFT,Hayır
113,21.10.2025,113,2,Kayıt Ücreti,"₺35.000,00",Havale/EFT,Hayır
114,22.10.2025,114,2,Kayıt Ücreti,"₺35.000,00",Havale/EFT,Hayır
115,23.10.2025,115,2,Kayıt Ücreti,"₺35.000,00",Havale/EFT,Hayır
116,24.10.2025,116,2,Kayıt Ücreti,"₺35.000,00",Havale/EFT,Hayır
117,25.10.2025,117,2,Kayıt Ücreti,"₺35.000,00",Havale/EFT,Hayır
118,26.10.2025,118,2,Kayıt Ücreti,"₺35.000,00",Havale/EFT,Hayır
119,27.10.2025,119,2,Kayıt Ücreti,"₺35.000,00",Havale/EFT,Hayır
120,28.10.2025,120,2,Kayıt Ücreti,"₺35.000,00",Havale/EFT,Hayır
121,29.10.2025,121,2,Kayıt Ücreti,"₺35.000,00",Havale/EFT,Hayır
122,30.10.2025,122,2,Kayıt Ücreti,"₺35.000,00",Havale/EFT,Hayır
123,31.10.2025,123,2,Kayıt Ücreti,"₺35.000,00",Havale/EFT,Hayır
124,01.11.2025,124,2,Kayıt Ücreti,"₺35.000,00",Havale/EFT,Hayır
125,02.11.2025,125,2,Kayıt Ücreti,"₺35.000,00",Havale/EFT,Hayır
126,03.11.2025,126,2,Kayıt Ücreti,"₺35.000,00",Havale/EFT,Hayır
127,08.11.2025,127,2,Kayıt Ücreti,"₺35.000,00",Havale/EFT,Hayır
128,11.11.2025,128,2,Kayıt Ücreti,"₺35.000,00",Havale/EFT,Hayır
129,14.11.2025,129,2,Kayıt Ücreti,"₺35.000,00",Havale/EFT,Hayır
130,17.11.2025,130,2,Kayıt Ücreti,"₺35.000,00",Havale/EFT,Hayır
131,20.11.2025,131,2,Kayıt Ücreti,"₺35.000,00",Havale/EFT,Hayır
132,23.11.2025,132,2,Kayıt Ücreti,"₺35.000,00",Havale/EFT,Hayır
133,26.11.2025,133,2,Kayıt Ücreti,"₺35.000,00",Havale/EFT,Hayır
134,29.11.2025,134,2,Kayıt Ücreti,"₺35.000,00",Havale/EFT,Hayır
135,02.12.2025,135,2,Kayıt Ücreti,"₺35.000,00",Havale/EFT,Hayır
136,05.12.2025,136,2,Kayıt Ücreti,"₺35.000,00",Havale/EFT,Hayır
137,05.12.2025,137,2,Kayıt Ücreti,"₺35.000,00",Havale/EFT,Hayır
138,05.12.2025,138,2,Kayıt Ücreti,"₺35.000,00",Havale/EFT,Hayır
139,05.12.2025,139,2,Kayıt Ücreti,"₺35.000,00",Havale/EFT,Hayır
140,05.12.2025,140,2,Kayıt Ücreti,"₺35.000,00",Havale/EFT,Hayır
141,05.12.2025,141,2,Kayıt Ücreti,"₺35.000,00",Havale/EFT,Hayır
142,05.12.2025,142,2,Kayıt Ücreti,"₺35.000,00",Havale/EFT,Hayır
143,05.12.2025,143,2,Kayıt Ücreti,"₺35.000,00",Havale/EFT,Hayır
144,05.12.2025,144,2,Kayıt Ücreti,"₺35.000,00",Havale/EFT,Hayır
145,05.12.2025,145,2,Kayıt Ücreti,"₺35.000,00",Havale/EFT,Hayır
146,05.12.2025,146,2,Kayıt Ücreti,"₺35.000,00",Havale/EFT,Hayır
147,05.12.2025,147,2,Kayıt Ücreti,"₺35.000,00",Havale/EFT,Hayır
148,05.12.2025,148,2,Kayıt Ücreti,"₺35.000,00",Havale/EFT,Hayır
149,05.12.2025,149,2,Kayıt Ücreti,"₺35.000,00",Havale/EFT,Hayır
150,05.12.2025,150,2,Kayıt Ücreti,"₺35.000,00",Havale/EFT,Hayır
151,05.12.2025,151,2,Kayıt Ücreti,"₺35.000,00",Havale/EFT,Hayır
152,05.12.2025,152,2,Kayıt Ücreti,"₺35.000,00",Havale/EFT,Hayır
153,05.12.2025,153,2,Kayıt Ücreti,"₺35.000,00",Havale/EFT,Hayır
154,05.12.2025,154,2,Kayıt Ücreti,"₺35.000,00",Havale/EFT,Hayır
155,05.12.2025,155,2,Kayıt Ücreti,"₺35.000,00",Havale/EFT,Hayır
156,05.12.2025,156,2,Kayıt Ücreti,"₺35.000,00",Havale/EFT,Hayır
157,05.12.2025,157,2,Kayıt Ücreti,"₺35.000,00",Havale/EFT,Hayır
158,05.12.2025,158,2,Kayıt Ücreti,"₺35.000,00",Havale/EFT,Hayır
159,05.12.2025,159,2,Kayıt Ücreti,"₺35.000,00",Havale/EFT,Hayır
160,05.12.2025,160,2,Kayıt Ücreti,"₺35.000,00",Havale/EFT,Hayır
161,05.12.2025,161,2,Kayıt Ücreti,"₺35.000,00",Havale/EFT,Hayır
162,05.12.2025,162,2,Kayıt Ücreti,"₺35.000,00",Havale/EFT,Hayır
163,05.12.2025,163,2,Kayıt Ücreti,"₺35.000,00",Havale/EFT,Hayır
164,05.12.2025,164,2,Kayıt Ücreti,"₺35.000,00",Havale/EFT,Hayır
165,05.12.2025,165,2,Kayıt Ücreti,"₺35.000,00",Havale/EFT,Hayır
166,05.12.2025,166,2,Kayıt Ücreti,"₺35.000,00",Havale/EFT,Hayır
167,05.12.2025,167,2,Kayıt Ücreti,"₺35.000,00",Havale/EFT,Hayır
168,05.12.2025,168,2,Kayıt Ücreti,"₺35.000,00",Havale/EFT,Hayır
169,05.12.2025,169,2,Kayıt Ücreti,"₺35.000,00",Havale/EFT,Hayır
170,05.12.2025,170,2,Kayıt Ücreti,"₺35.000,00",Havale/EFT,Hayır
171,05.12.2025,171,2,Kayıt Ücreti,"₺35.000,00",Havale/EFT,Hayır
172,05.12.2025,172,2,Kayıt Ücreti,"₺35.000,00",Havale/EFT,Hayır
173,05.12.2025,173,2,Kayıt Ücreti,"₺35.000,00",Havale/EFT,Hayır
174,05.12.2025,174,2,Kayıt Ücreti,"₺35.000,00",Havale/EFT,Hayır
175,05.12.2025,175,2,Kayıt Ücreti,"₺35.000,00",Havale/EFT,Hayır
176,05.12.2025,176,2,Kayıt Ücreti,"₺35.000,00",Havale/EFT,Hayır
177,05.12.2025,177,2,Kayıt Ücreti,"₺35.000,00",Havale/EFT,Hayır
178,05.12.2025,178,2,Kayıt Ücreti,"₺35.000,00",Havale/EFT,Hayır
179,05.12.2025,179,2,Kayıt Ücreti,"₺35.000,00",Havale/EFT,Hayır
180,05.12.2025,180,2,Kayıt Ücreti,"₺35.000,00",Havale/EFT,Hayır
181,05.12.2025,181,2,Kayıt Ücreti,"₺35.000,00",Havale/EFT,Hayır
182,05.12.2025,182,2,Kayıt Ücreti,"₺35.000,00",Havale/EFT,Hayır
183,05.12.2025,183,2,Kayıt Ücreti,"₺35.000,00",Havale/EFT,Hayır
184,05.12.2025,184,2,Kayıt Ücreti,"₺35.000,00",Havale/EFT,Hayır
185,05.12.2025,185,2,Kayıt Ücreti,"₺35.000,00",Havale/EFT,Hayır
186,05.12.2025,186,2,Kayıt Ücreti,"₺35.000,00",Havale/EFT,Hayır
187,05.12.2025,187,2,Kayıt Ücreti,"₺35.000,00",Havale/EFT,Hayır
188,05.12.2025,188,2,Kayıt Ücreti,"₺35.000,00",Havale/EFT,Hayır
189,05.12.2025,189,2,Kayıt Ücreti,"₺35.000,00",Havale/EFT,Hayır
190,05.12.2025,190,2,Kayıt Ücreti,"₺35.000,00",Havale/EFT,Hayır
191,05.12.2025,191,2,Kayıt Ücreti,"₺35.000,00",Havale/EFT,Hayır
192,10.12.2025,192,2,Kayıt Ücreti,"₺35.000,00",Havale/EFT,Hayır
193,10.12.2025,193,2,Kayıt Ücreti,"₺35.000,00",Havale/EFT,Hayır
194,10.12.2025,194,2,Kayıt Ücreti,"₺35.000,00",Havale/EFT,Hayır
195,10.12.2025,195,2,Kayıt Ücreti,"₺35.000,00",Havale/EFT,Hayır
196,10.12.2025,196,2,Kayıt Ücreti,"₺35.000,00",Havale/EFT,Hayır
197,10.12.2025,197,2,Kayıt Ücreti,"₺35.000,00",Havale/EFT,Hayır
198,10.12.2025,198,2,Kayıt Ücreti,"₺35.000,00",Havale/EFT,Hayır
199,10.12.2025,199,2,Kayıt Ücreti,"₺35.000,00",Havale/EFT,Hayır
200,10.12.2025,200,2,Kayıt Ücreti,"₺35.000,00",Havale/EFT,Hayır
201,01.01.2026,1,3,Deneme Sınavı Ücreti,"₺400,00",Havale/EFT,Hayır
202,01.01.2026,2,3,Deneme Sınavı Ücreti,"₺400,00",Havale/EFT,Hayır
203,01.01.2026,3,3,Deneme Sınavı Ücreti,"₺400,00",Havale/EFT,Hayır
204,01.01.2026,4,3,Deneme Sınavı Ücreti,"₺400,00",Havale/EFT,Hayır
205,01.01.2026,5,3,Deneme Sınavı Ücreti,"₺400,00",Havale/EFT,Hayır
206,01.01.2026,6,3,Deneme Sınavı Ücreti,"₺400,00",Havale/EFT,Hayır
207,01.01.2026,7,3,Deneme Sınavı Ücreti,"₺400,00",Havale/EFT,Hayır
208,01.01.2026,8,3,Deneme Sınavı Ücreti,"₺400,00",Havale/EFT,Hayır
209,01.01.2026,9,3,Deneme Sınavı Ücreti,"₺400,00",Havale/EFT,Hayır
210,01.01.2026,10,3,Deneme Sınavı Ücreti,"₺400,00",Havale/EFT,Hayır
211,01.01.2026,11,3,Deneme Sınavı Ücreti,"₺400,00",Havale/EFT,Hayır
212,01.01.2026,12,3,Deneme Sınavı Ücreti,"₺400,00",Havale/EFT,Hayır
213,01.01.2026,13,3,Deneme Sınavı Ücreti,"₺400,00",Havale/EFT,Hayır
214,01.01.2026,14,3,Deneme Sınavı Ücreti,"₺400,00",Havale/EFT,Hayır
215,01.01.2026,15,3,Deneme Sınavı Ücreti,"₺400,00",Havale/EFT,Hayır
216,01.01.2026,16,3,Deneme Sınavı Ücreti,"₺400,00",Havale/EFT,Hayır
217,01.01.2026,17,3,Deneme Sınavı Ücreti,"₺400,00",Havale/EFT,Hayır
218,01.01.2026,18,3,Deneme Sınavı Ücreti,"₺400,00",Havale/EFT,Hayır
219,01.01.2026,19,3,Deneme Sınavı Ücreti,"₺400,00",Havale/EFT,Hayır
220,01.01.2026,20,3,Deneme Sınavı Ücreti,"₺400,00",Havale/EFT,Hayır
221,01.01.2026,21,3,Deneme Sınavı Ücreti,"₺400,00",Havale/EFT,Hayır
222,01.01.2026,22,3,Deneme Sınavı Ücreti,"₺400,00",Havale/EFT,Hayır
223,01.01.2026,23,3,Deneme Sınavı Ücreti,"₺400,00",Havale/EFT,Hayır
224,01.01.2026,24,3,Deneme Sınavı Ücreti,"₺400,00",Havale/EFT,Hayır
225,01.01.2026,25,3,Deneme Sınavı Ücreti,"₺400,00",Havale/EFT,Hayır
226,01.01.2026,26,3,Deneme Sınavı Ücreti,"₺400,00",Havale/EFT,Hayır
227,01.01.2026,27,3,Deneme Sınavı Ücreti,"₺400,00",Havale/EFT,Hayır
228,01.01.2026,28,3,Deneme Sınavı Ücreti,"₺400,00",Havale/EFT,Hayır
229,01.01.2026,29,3,Deneme Sınavı Ücreti,"₺400,00",Havale/EFT,Hayır
230,01.01.2026,30,3,Deneme Sınavı Ücreti,"₺400,00",Havale/EFT,Hayır
231,01.01.2026,31,3,Deneme Sınavı Ücreti,"₺400,00",Havale/EFT,Hayır
232,01.01.2026,32,3,Deneme Sınavı Ücreti,"₺400,00",Havale/EFT,Hayır
233,01.01.2026,33,3,Deneme Sınavı Ücreti,"₺400,00",Havale/EFT,Hayır
234,01.01.2026,34,3,Deneme Sınavı Ücreti,"₺400,00",Havale/EFT,Hayır
235,01.01.2026,35,3,Deneme Sınavı Ücreti,"₺400,00",Havale/EFT,Hayır
236,01.01.2026,36,3,Deneme Sınavı Ücreti,"₺400,00",Havale/EFT,Hayır
237,01.01.2026,37,3,Deneme Sınavı Ücreti,"₺400,00",Havale/EFT,Hayır
238,01.01.2026,38,3,Deneme Sınavı Ücreti,"₺400,00",Havale/EFT,Hayır
239,01.01.2026,39,3,Deneme Sınavı Ücreti,"₺400,00",Havale/EFT,Hayır
240,01.01.2026,40,3,Deneme Sınavı Ücreti,"₺400,00",Havale/EFT,Hayır
241,01.01.2026,41,3,Deneme Sınavı Ücreti,"₺400,00",Havale/EFT,Hayır
242,01.01.2026,42,3,Deneme Sınavı Ücreti,"₺400,00",Havale/EFT,Hayır
243,01.01.2026,43,3,Deneme Sınavı Ücreti,"₺400,00",Havale/EFT,Hayır
244,01.01.2026,44,3,Deneme Sınavı Ücreti,"₺400,00",Havale/EFT,Hayır
245,01.01.2026,45,3,Deneme Sınavı Ücreti,"₺400,00",Havale/EFT,Hayır
246,01.01.2026,46,3,Deneme Sınavı Ücreti,"₺400,00",Havale/EFT,Hayır
247,01.01.2026,47,3,Deneme Sınavı Ücreti,"₺400,00",Havale/EFT,Hayır
248,01.01.2026,48,3,Deneme Sınavı Ücreti,"₺400,00",Havale/EFT,Hayır
249,01.01.2026,49,3,Deneme Sınavı Ücreti,"₺400,00",Havale/EFT,Hayır
250,01.01.2026,50,3,Deneme Sınavı Ücreti,"₺400,00",Havale/EFT,Hayır
251,01.01.2026,51,3,Deneme Sınavı Ücreti,"₺400,00",Havale/EFT,Hayır
252,01.01.2026,52,3,Deneme Sınavı Ücreti,"₺400,00",Havale/EFT,Hayır
253,01.01.2026,53,3,Deneme Sınavı Ücreti,"₺400,00",Havale/EFT,Hayır
254,01.01.2026,54,3,Deneme Sınavı Ücreti,"₺400,00",Havale/EFT,Hayır
255,01.01.2026,55,3,Deneme Sınavı Ücreti,"₺400,00",Havale/EFT,Hayır
256,01.01.2026,56,3,Deneme Sınavı Ücreti,"₺400,00",Havale/EFT,Hayır
257,01.01.2026,57,3,Deneme Sınavı Ücreti,"₺400,00",Havale/EFT,Hayır
258,01.01.2026,58,3,Deneme Sınavı Ücreti,"₺400,00",Havale/EFT,Hayır
259,01.01.2026,59,3,Deneme Sınavı Ücreti,"₺400,00",Havale/EFT,Hayır
260,01.01.2026,60,3,Deneme Sınavı Ücreti,"₺400,00",Havale/EFT,Hayır
261,01.01.2026,61,3,Deneme Sınavı Ücreti,"₺400,00",Havale/EFT,Hayır
262,01.01.2026,62,3,Deneme Sınavı Ücreti,"₺400,00",Havale/EFT,Hayır
263,01.01.2026,63,3,Deneme Sınavı Ücreti,"₺400,00",Havale/EFT,Hayır
264,01.01.2026,64,3,Deneme Sınavı Ücreti,"₺400,00",Havale/EFT,Hayır
265,01.01.2026,65,3,Deneme Sınavı Ücreti,"₺400,00",Havale/EFT,Hayır
266,01.01.2026,66,3,Deneme Sınavı Ücreti,"₺400,00",Havale/EFT,Hayır
267,01.01.2026,67,3,Deneme Sınavı Ücreti,"₺400,00",Havale/EFT,Hayır
268,01.01.2026,68,3,Deneme Sınavı Ücreti,"₺400,00",Havale/EFT,Hayır
269,01.01.2026,69,3,Deneme Sınavı Ücreti,"₺400,00",Havale/EFT,Hayır
270,01.01.2026,70,3,Deneme Sınavı Ücreti,"₺400,00",Havale/EFT,Hayır
271,01.01.2026,71,3,Deneme Sınavı Ücreti,"₺400,00",Havale/EFT,Hayır
272,01.01.2026,72,3,Deneme Sınavı Ücreti,"₺400,00",Havale/EFT,Hayır
273,01.01.2026,73,3,Deneme Sınavı Ücreti,"₺400,00",Havale/EFT,Hayır
274,01.01.2026,74,3,Deneme Sınavı Ücreti,"₺400,00",Havale/EFT,Hayır
275,01.01.2026,75,3,Deneme Sınavı Ücreti,"₺400,00",Havale/EFT,Hayır
276,01.01.2026,76,3,Deneme Sınavı Ücreti,"₺400,00",Havale/EFT,Hayır
277,01.01.2026,77,3,Deneme Sınavı Ücreti,"₺400,00",Havale/EFT,Hayır
278,01.01.2026,78,3,Deneme Sınavı Ücreti,"₺400,00",Havale/EFT,Hayır
279,01.01.2026,79,3,Deneme Sınavı Ücreti,"₺400,00",Havale/EFT,Hayır
280,01.01.2026,80,3,Deneme Sınavı Ücreti,"₺400,00",Havale/EFT,Hayır
281,01.01.2026,81,3,Deneme Sınavı Ücreti,"₺400,00",Havale/EFT,Hayır
282,01.01.2026,82,3,Deneme Sınavı Ücreti,"₺400,00",Havale/EFT,Hayır
283,01.01.2026,83,3,Deneme Sınavı Ücreti,"₺400,00",Havale/EFT,Hayır
284,01.01.2026,84,3,Deneme Sınavı Ücreti,"₺400,00",Havale/EFT,Hayır
285,01.01.2026,85,3,Deneme Sınavı Ücreti,"₺400,00",Havale/EFT,Hayır
286,01.01.2026,86,3,Deneme Sınavı Ücreti,"₺400,00",Havale/EFT,Hayır
287,01.01.2026,87,3,Deneme Sınavı Ücreti,"₺400,00",Havale/EFT,Hayır
288,01.01.2026,88,3,Deneme Sınavı Ücreti,"₺400,00",Havale/EFT,Hayır
289,01.01.2026,89,3,Deneme Sınavı Ücreti,"₺400,00",Havale/EFT,Hayır
290,01.01.2026,90,3,Deneme Sınavı Ücreti,"₺400,00",Havale/EFT,Hayır
291,01.01.2026,91,3,Deneme Sınavı Ücreti,"₺400,00",Havale/EFT,Hayır
292,01.01.2026,92,3,Deneme Sınavı Ücreti,"₺400,00",Havale/EFT,Hayır
293,01.01.2026,93,3,Deneme Sınavı Ücreti,"₺400,00",Havale/EFT,Hayır
294,01.01.2026,94,3,Deneme Sınavı Ücreti,"₺400,00",Havale/EFT,Hayır
295,01.01.2026,95,3,Deneme Sınavı Ücreti,"₺400,00",Havale/EFT,Hayır
296,01.01.2026,96,3,Deneme Sınavı Ücreti,"₺400,00",Havale/EFT,Hayır
297,01.01.2026,97,3,Deneme Sınavı Ücreti,"₺400,00",Havale/EFT,Hayır
298,01.01.2026,98,3,Deneme Sınavı Ücreti,"₺400,00",Havale/EFT,Hayır
299,01.01.2026,99,3,Deneme Sınavı Ücreti,"₺400,00",Havale/EFT,Hayır
300,01.01.2026,100,3,Deneme Sınavı Ücreti,"₺400,00",Havale/EFT,Hayır
301,01.01.2026,101,3,Deneme Sınavı Ücreti,"₺400,00",Havale/EFT,Hayır
302,01.01.2026,102,3,Deneme Sınavı Ücreti,"₺400,00",Havale/EFT,Hayır
303,01.01.2026,103,3,Deneme Sınavı Ücreti,"₺400,00",Havale/EFT,Hayır
304,01.01.2026,104,3,Deneme Sınavı Ücreti,"₺400,00",Havale/EFT,Hayır
305,01.01.2026,105,3,Deneme Sınavı Ücreti,"₺400,00",Havale/EFT,Hayır
306,01.01.2026,106,3,Deneme Sınavı Ücreti,"₺400,00",Havale/EFT,Hayır
307,01.01.2026,107,3,Deneme Sınavı Ücreti,"₺400,00",Havale/EFT,Hayır
308,01.01.2026,108,3,Deneme Sınavı Ücreti,"₺400,00",Havale/EFT,Hayır
309,01.01.2026,109,3,Deneme Sınavı Ücreti,"₺400,00",Havale/EFT,Hayır
310,01.01.2026,110,3,Deneme Sınavı Ücreti,"₺400,00",Havale/EFT,Hayır
311,01.01.2026,111,3,Deneme Sınavı Ücreti,"₺400,00",Havale/EFT,Hayır
312,01.01.2026,112,3,Deneme Sınavı Ücreti,"₺400,00",Havale/EFT,Hayır
313,01.01.2026,113,3,Deneme Sınavı Ücreti,"₺400,00",Havale/EFT,Hayır
314,01.01.2026,114,3,Deneme Sınavı Ücreti,"₺400,00",Havale/EFT,Hayır
315,01.01.2026,115,3,Deneme Sınavı Ücreti,"₺400,00",Havale/EFT,Hayır
316,01.01.2026,116,3,Deneme Sınavı Ücreti,"₺400,00",Havale/EFT,Hayır
317,01.01.2026,117,3,Deneme Sınavı Ücreti,"₺400,00",Havale/EFT,Hayır
318,01.01.2026,118,3,Deneme Sınavı Ücreti,"₺400,00",Havale/EFT,Hayır
319,01.01.2026,119,3,Deneme Sınavı Ücreti,"₺400,00",Havale/EFT,Hayır
320,01.01.2026,120,3,Deneme Sınavı Ücreti,"₺400,00",Havale/EFT,Hayır
321,01.01.2026,121,3,Deneme Sınavı Ücreti,"₺400,00",Havale/EFT,Hayır
322,01.01.2026,122,3,Deneme Sınavı Ücreti,"₺400,00",Havale/EFT,Hayır
323,01.01.2026,123,3,Deneme Sınavı Ücreti,"₺400,00",Havale/EFT,Hayır
324,01.01.2026,124,3,Deneme Sınavı Ücreti,"₺400,00",Havale/EFT,Hayır
325,01.01.2026,125,3,Deneme Sınavı Ücreti,"₺400,00",Havale/EFT,Hayır
326,01.01.2026,126,3,Deneme Sınavı Ücreti,"₺400,00",Havale/EFT,Hayır
327,01.01.2026,127,3,Deneme Sınavı Ücreti,"₺400,00",Havale/EFT,Hayır
328,01.01.2026,128,3,Deneme Sınavı Ücreti,"₺400,00",Havale/EFT,Hayır
329,01.01.2026,129,3,Deneme Sınavı Ücreti,"₺400,00",Havale/EFT,Hayır
330,01.01.2026,130,3,Deneme Sınavı Ücreti,"₺400,00",Havale/EFT,Hayır
331,01.01.2026,131,3,Deneme Sınavı Ücreti,"₺400,00",Havale/EFT,Hayır
332,01.01.2026,132,3,Deneme Sınavı Ücreti,"₺400,00",Havale/EFT,Hayır
333,01.01.2026,133,3,Deneme Sınavı Ücreti,"₺400,00",Havale/EFT,Hayır
334,01.01.2026,134,3,Deneme Sınavı Ücreti,"₺400,00",Havale/EFT,Hayır
335,01.01.2026,135,3,Deneme Sınavı Ücreti,"₺400,00",Havale/EFT,Hayır
336,01.01.2026,136,3,Deneme Sınavı Ücreti,"₺400,00",Havale/EFT,Hayır
337,01.01.2026,137,3,Deneme Sınavı Ücreti,"₺400,00",Havale/EFT,Hayır
338,01.01.2026,138,3,Deneme Sınavı Ücreti,"₺400,00",Havale/EFT,Hayır
339,01.01.2026,139,3,Deneme Sınavı Ücreti,"₺400,00",Havale/EFT,Hayır
340,01.01.2026,140,3,Deneme Sınavı Ücreti,"₺400,00",Havale/EFT,Hayır
341,01.01.2026,141,3,Deneme Sınavı Ücreti,"₺400,00",Havale/EFT,Hayır
342,01.01.2026,142,3,Deneme Sınavı Ücreti,"₺400,00",Havale/EFT,Hayır
343,01.01.2026,143,3,Deneme Sınavı Ücreti,"₺400,00",Havale/EFT,Hayır
344,01.01.2026,144,3,Deneme Sınavı Ücreti,"₺400,00",Havale/EFT,Hayır
345,01.01.2026,145,3,Deneme Sınavı Ücreti,"₺400,00",Havale/EFT,Hayır
346,01.01.2026,146,3,Deneme Sınavı Ücreti,"₺400,00",Havale/EFT,Hayır
347,01.01.2026,147,3,Deneme Sınavı Ücreti,"₺400,00",Havale/EFT,Hayır
348,01.01.2026,148,3,Deneme Sınavı Ücreti,"₺400,00",Havale/EFT,Hayır
349,01.01.2026,149,3,Deneme Sınavı Ücreti,"₺400,00",Havale/EFT,Hayır
350,01.01.2026,150,3,Deneme Sınavı Ücreti,"₺400,00",Havale/EFT,Hayır
351,01.01.2026,151,3,Deneme Sınavı Ücreti,"₺400,00",Havale/EFT,Hayır
352,01.01.2026,152,3,Deneme Sınavı Ücreti,"₺400,00",Havale/EFT,Hayır
353,01.01.2026,153,3,Deneme Sınavı Ücreti,"₺400,00",Havale/EFT,Hayır
354,01.01.2026,154,3,Deneme Sınavı Ücreti,"₺400,00",Havale/EFT,Hayır
355,01.01.2026,155,3,Deneme Sınavı Ücreti,"₺400,00",Havale/EFT,Hayır
356,01.01.2026,156,3,Deneme Sınavı Ücreti,"₺400,00",Havale/EFT,Hayır
357,01.01.2026,157,3,Deneme Sınavı Ücreti,"₺400,00",Havale/EFT,Hayır
358,01.01.2026,158,3,Deneme Sınavı Ücreti,"₺400,00",Havale/EFT,Hayır
359,01.01.2026,159,3,Deneme Sınavı Ücreti,"₺400,00",Havale/EFT,Hayır
360,01.01.2026,160,3,Deneme Sınavı Ücreti,"₺400,00",Havale/EFT,Hayır
361,01.01.2026,161,3,Deneme Sınavı Ücreti,"₺400,00",Havale/EFT,Hayır
362,01.01.2026,162,3,Deneme Sınavı Ücreti,"₺400,00",Havale/EFT,Hayır
363,01.01.2026,163,3,Deneme Sınavı Ücreti,"₺400,00",Havale/EFT,Hayır
364,01.01.2026,164,3,Deneme Sınavı Ücreti,"₺400,00",Havale/EFT,Hayır
365,01.01.2026,165,3,Deneme Sınavı Ücreti,"₺400,00",Havale/EFT,Hayır
366,01.01.2026,166,3,Deneme Sınavı Ücreti,"₺400,00",Havale/EFT,Hayır
367,01.01.2026,167,3,Deneme Sınavı Ücreti,"₺400,00",Havale/EFT,Hayır
368,01.01.2026,168,3,Deneme Sınavı Ücreti,"₺400,00",Havale/EFT,Hayır
369,01.01.2026,169,3,Deneme Sınavı Ücreti,"₺400,00",Havale/EFT,Hayır
370,01.01.2026,170,3,Deneme Sınavı Ücreti,"₺400,00",Havale/EFT,Hayır
371,01.01.2026,171,3,Deneme Sınavı Ücreti,"₺400,00",Havale/EFT,Hayır
372,01.01.2026,172,3,Deneme Sınavı Ücreti,"₺400,00",Havale/EFT,Hayır
373,01.01.2026,173,3,Deneme Sınavı Ücreti,"₺400,00",Havale/EFT,Hayır
374,01.01.2026,174,3,Deneme Sınavı Ücreti,"₺400,00",Havale/EFT,Hayır
375,01.01.2026,175,3,Deneme Sınavı Ücreti,"₺400,00",Havale/EFT,Hayır
376,01.01.2026,176,3,Deneme Sınavı Ücreti,"₺400,00",Havale/EFT,Hayır
377,01.01.2026,177,3,Deneme Sınavı Ücreti,"₺400,00",Havale/EFT,Hayır
378,01.01.2026,178,3,Deneme Sınavı Ücreti,"₺400,00",Havale/EFT,Hayır
379,01.01.2026,179,3,Deneme Sınavı Ücreti,"₺400,00",Havale/EFT,Hayır
380,01.01.2026,180,3,Deneme Sınavı Ücreti,"₺400,00",Havale/EFT,Hayır
381,01.01.2026,181,3,Deneme Sınavı Ücreti,"₺400,00",Havale/EFT,Hayır
382,01.01.2026,182,3,Deneme Sınavı Ücreti,"₺400,00",Havale/EFT,Hayır
383,01.01.2026,183,3,Deneme Sınavı Ücreti,"₺400,00",Havale/EFT,Hayır
384,01.01.2026,184,3,Deneme Sınavı Ücreti,"₺400,00",Havale/EFT,Hayır
385,01.01.2026,185,3,Deneme Sınavı Ücreti,"₺400,00",Havale/EFT,Hayır
386,01.01.2026,186,3,Deneme Sınavı Ücreti,"₺400,00",Havale/EFT,Hayır
387,01.01.2026,187,3,Deneme Sınavı Ücreti,"₺400,00",Havale/EFT,Hayır
388,01.01.2026,188,3,Deneme Sınavı Ücreti,"₺400,00",Havale/EFT,Hayır
389,01.01.2026,189,3,Deneme Sınavı Ücreti,"₺400,00",Havale/EFT,Hayır
390,01.01.2026,190,3,Deneme Sınavı Ücreti,"₺400,00",Havale/EFT,Hayır
391,01.01.2026,191,3,Deneme Sınavı Ücreti,"₺400,00",Havale/EFT,Hayır
392,01.01.2026,192,3,Deneme Sınavı Ücreti,"₺400,00",Havale/EFT,Hayır
393,01.01.2026,193,3,Deneme Sınavı Ücreti,"₺400,00",Havale/EFT,Hayır
394,01.01.2026,194,3,Deneme Sınavı Ücreti,"₺400,00",Havale/EFT,Hayır
395,01.01.2026,195,3,Deneme Sınavı Ücreti,"₺400,00",Havale/EFT,Hayır
396,01.01.2026,196,3,Deneme Sınavı Ücreti,"₺400,00",Havale/EFT,Hayır
397,01.01.2026,197,3,Deneme Sınavı Ücreti,"₺400,00",Havale/EFT,Hayır
398,01.01.2026,198,3,Deneme Sınavı Ücreti,"₺400,00",Havale/EFT,Hayır
399,01.01.2026,199,3,Deneme Sınavı Ücreti,"₺400,00",Havale/EFT,Hayır
400,01.01.2026,200,3,Deneme Sınavı Ücreti,"₺400,00",Havale/EFT,Hayır
401,01.02.2026,1,3,Deneme Sınavı Ücreti,"₺400,00",Havale/EFT,Hayır
402,01.02 2026,2,3,Deneme Sınavı Ücreti,"₺400,00",Havale/EFT,Hayır
403,01.02.2026,3,3,Deneme Sınavı Ücreti,"₺400,00",Havale/EFT,Hayır
404,01.02 2026,4,3,Deneme Sınavı Ücreti,"₺400,00",Havale/EFT,Hayır
405,01.02.2026,5,3,Deneme Sınavı Ücreti,"₺400,00",Havale/EFT,Hayır
406,01.02 2026,6,3,Deneme Sınavı Ücreti,"₺400,00",Havale/EFT,Hayır
407,01.02.2026,7,3,Deneme Sınavı Ücreti,"₺400,00",Havale/EFT,Hayır
408,01.02 2026,8,3,Deneme Sınavı Ücreti,"₺400,00",Havale/EFT,Hayır
409,01.02.2026,9,3,Deneme Sınavı Ücreti,"₺400,00",Havale/EFT,Hayır
410,01.02 2026,10,3,Deneme Sınavı Ücreti,"₺400,00",Havale/EFT,Hayır
411,01.02.2026,11,3,Deneme Sınavı Ücreti,"₺400,00",Havale/EFT,Hayır
412,01.02 2026,12,3,Deneme Sınavı Ücreti,"₺400,00",Havale/EFT,Hayır
413,01.02.2026,13,3,Deneme Sınavı Ücreti,"₺400,00",Havale/EFT,Hayır
414,01.02 2026,14,3,Deneme Sınavı Ücreti,"₺400,00",Havale/EFT,Hayır
415,01.02.2026,15,3,Deneme Sınavı Ücreti,"₺400,00",Havale/EFT,Hayır
416,01.02 2026,16,3,Deneme Sınavı Ücreti,"₺400,00",Havale/EFT,Hayır
417,01.02.2026,17,3,Deneme Sınavı Ücreti,"₺400,00",Havale/EFT,Hayır
418,01.02 2026,18,3,Deneme Sınavı Ücreti,"₺400,00",Havale/EFT,Hayır
419,01.02.2026,19,3,Deneme Sınavı Ücreti,"₺400,00",Havale/EFT,Hayır
420,01.02 2026,20,3,Deneme Sınavı Ücreti,"₺400,00",Havale/EFT,Hayır
421,01.02.2026,21,3,Deneme Sınavı Ücreti,"₺400,00",Havale/EFT,Hayır
422,01.02 2026,22,3,Deneme Sınavı Ücreti,"₺400,00",Havale/EFT,Hayır
423,01.02.2026,23,3,Deneme Sınavı Ücreti,"₺400,00",Havale/EFT,Hayır
424,01.02 2026,24,3,Deneme Sınavı Ücreti,"₺400,00",Havale/EFT,Hayır
425,01.02.2026,25,3,Deneme Sınavı Ücreti,"₺400,00",Havale/EFT,Hayır
426,01.02 2026,26,3,Deneme Sınavı Ücreti,"₺400,00",Havale/EFT,Hayır
427,01.02.2026,27,3,Deneme Sınavı Ücreti,"₺400,00",Havale/EFT,Hayır
428,01.02 2026,28,3,Deneme Sınavı Ücreti,"₺400,00",Havale/EFT,Hayır
429,01.02.2026,29,3,Deneme Sınavı Ücreti,"₺400,00",Havale/EFT,Hayır
430,01.02 2026,30,3,Deneme Sınavı Ücreti,"₺400,00",Havale/EFT,Hayır
431,01.02.2026,31,3,Deneme Sınavı Ücreti,"₺400,00",Havale/EFT,Hayır
432,01.02 2026,32,3,Deneme Sınavı Ücreti,"₺400,00",Havale/EFT,Hayır
433,01.02.2026,33,3,Deneme Sınavı Ücreti,"₺400,00",Havale/EFT,Hayır
434,01.02 2026,34,3,Deneme Sınavı Ücreti,"₺400,00",Havale/EFT,Hayır
435,01.02.2026,35,3,Deneme Sınavı Ücreti,"₺400,00",Havale/EFT,Hayır
436,01.02 2026,36,3,Deneme Sınavı Ücreti,"₺400,00",Havale/EFT,Hayır
437,01.02.2026,37,3,Deneme Sınavı Ücreti,"₺400,00",Havale/EFT,Hayır
438,01.02 2026,38,3,Deneme Sınavı Ücreti,"₺400,00",Havale/EFT,Hayır
439,01.02.2026,39,3,Deneme Sınavı Ücreti,"₺400,00",Havale/EFT,Hayır
440,01.02 2026,40,3,Deneme Sınavı Ücreti,"₺400,00",Havale/EFT,Hayır
441,01.02.2026,41,3,Deneme Sınavı Ücreti,"₺400,00",Havale/EFT,Hayır
442,01.02 2026,42,3,Deneme Sınavı Ücreti,"₺400,00",Havale/EFT,Hayır
443,01.02.2026,43,3,Deneme Sınavı Ücreti,"₺400,00",Havale/EFT,Hayır
444,01.02 2026,44,3,Deneme Sınavı Ücreti,"₺400,00",Havale/EFT,Hayır
445,01.02.2026,45,3,Deneme Sınavı Ücreti,"₺400,00",Havale/EFT,Hayır
446,01.02 2026,46,3,Deneme Sınavı Ücreti,"₺400,00",Havale/EFT,Hayır
447,01.02.2026,47,3,Deneme Sınavı Ücreti,"₺400,00",Havale/EFT,Hayır
448,01.02 2026,48,3,Deneme Sınavı Ücreti,"₺400,00",Havale/EFT,Hayır
449,01.02.2026,49,3,Deneme Sınavı Ücreti,"₺400,00",Havale/EFT,Hayır
450,01.02 2026,50,3,Deneme Sınavı Ücreti,"₺400,00",Havale/EFT,Hayır
451,01.02.2026,51,3,Deneme Sınavı Ücreti,"₺400,00",Havale/EFT,Hayır
452,01.02 2026,52,3,Deneme Sınavı Ücreti,"₺400,00",Havale/EFT,Hayır
453,01.02.2026,53,3,Deneme Sınavı Ücreti,"₺400,00",Havale/EFT,Hayır
454,01.02 2026,54,3,Deneme Sınavı Ücreti,"₺400,00",Havale/EFT,Hayır
455,01.02.2026,55,3,Deneme Sınavı Ücreti,"₺400,00",Havale/EFT,Hayır
456,01.02 2026,56,3,Deneme Sınavı Ücreti,"₺400,00",Havale/EFT,Hayır
457,01.02.2026,57,3,Deneme Sınavı Ücreti,"₺400,00",Havale/EFT,Hayır
458,01.02 2026,58,3,Deneme Sınavı Ücreti,"₺400,00",Havale/EFT,Hayır
459,01.02.2026,59,3,Deneme Sınavı Ücreti,"₺400,00",Havale/EFT,Hayır
460,01.02 2026,60,3,Deneme Sınavı Ücreti,"₺400,00",Havale/EFT,Hayır
461,01.02.2026,61,3,Deneme Sınavı Ücreti,"₺400,00",Havale/EFT,Hayır
462,01.02 2026,62,3,Deneme Sınavı Ücreti,"₺400,00",Havale/EFT,Hayır
463,01.02.2026,63,3,Deneme Sınavı Ücreti,"₺400,00",Havale/EFT,Hayır
464,01.02 2026,64,3,Deneme Sınavı Ücreti,"₺400,00",Havale/EFT,Hayır
465,01.02.2026,65,3,Deneme Sınavı Ücreti,"₺400,00",Havale/EFT,Hayır
466,01.02 2026,66,3,Deneme Sınavı Ücreti,"₺400,00",Havale/EFT,Hayır
467,01.02.2026,67,3,Deneme Sınavı Ücreti,"₺400,00",Havale/EFT,Hayır
468,01.02 2026,68,3,Deneme Sınavı Ücreti,"₺400,00",Havale/EFT,Hayır
469,01.02.2026,69,3,Deneme Sınavı Ücreti,"₺400,00",Havale/EFT,Hayır
470,01.02 2026,70,3,Deneme Sınavı Ücreti,"₺400,00",Havale/EFT,Hayır
471,01.02.2026,71,3,Deneme Sınavı Ücreti,"₺400,00",Havale/EFT,Hayır
472,01.02 2026,72,3,Deneme Sınavı Ücreti,"₺400,00",Havale/EFT,Hayır
473,01.02.2026,73,3,Deneme Sınavı Ücreti,"₺400,00",Havale/EFT,Hayır
474,01.02 2026,74,3,Deneme Sınavı Ücreti,"₺400,00",Havale/EFT,Hayır
475,01.02.2026,75,3,Deneme Sınavı Ücreti,"₺400,00",Havale/EFT,Hayır
476,01.02 2026,76,3,Deneme Sınavı Ücreti,"₺400,00",Havale/EFT,Hayır
477,01.02.2026,77,3,Deneme Sınavı Ücreti,"₺400,00",Havale/EFT,Hayır
478,01.02 2026,78,3,Deneme Sınavı Ücreti,"₺400,00",Havale/EFT,Hayır
479,01.02.2026,79,3,Deneme Sınavı Ücreti,"₺400,00",Havale/EFT,Hayır
480,01.02 2026,80,3,Deneme Sınavı Ücreti,"₺400,00",Havale/EFT,Hayır
481,01.02.2026,81,3,Deneme Sınavı Ücreti,"₺400,00",Havale/EFT,Hayır
482,01.02 2026,82,3,Deneme Sınavı Ücreti,"₺400,00",Havale/EFT,Hayır
483,01.02.2026,83,3,Deneme Sınavı Ücreti,"₺400,00",Havale/EFT,Hayır
484,01.02 2026,84,3,Deneme Sınavı Ücreti,"₺400,00",Havale/EFT,Hayır
485,01.02.2026,85,3,Deneme Sınavı Ücreti,"₺400,00",Havale/EFT,Hayır
486,01.02 2026,86,3,Deneme Sınavı Ücreti,"₺400,00",Havale/EFT,Hayır
487,01.02.2026,87,3,Deneme Sınavı Ücreti,"₺400,00",Havale/EFT,Hayır
488,01.02 2026,88,3,Deneme Sınavı Ücreti,"₺400,00",Havale/EFT,Hayır
489,01.02.2026,89,3,Deneme Sınavı Ücreti,"₺400,00",Havale/EFT,Hayır
490,01.02 2026,90,3,Deneme Sınavı Ücreti,"₺400,00",Havale/EFT,Hayır
491,01.02.2026,91,3,Deneme Sınavı Ücreti,"₺400,00",Havale/EFT,Hayır
492,01.02 2026,92,3,Deneme Sınavı Ücreti,"₺400,00",Havale/EFT,Hayır
493,01.02.2026,93,3,Deneme Sınavı Ücreti,"₺400,00",Havale/EFT,Hayır
494,01.02 2026,94,3,Deneme Sınavı Ücreti,"₺400,00",Havale/EFT,Hayır
495,01.02.2026,95,3,Deneme Sınavı Ücreti,"₺400,00",Havale/EFT,Hayır
496,01.02 2026,96,3,Deneme Sınavı Ücreti,"₺400,00",Havale/EFT,Hayır
497,01.02.2026,97,3,Deneme Sınavı Ücreti,"₺400,00",Havale/EFT,Hayır
498,01.02 2026,98,3,Deneme Sınavı Ücreti,"₺400,00",Havale/EFT,Hayır
499,01.02.2026,99,3,Deneme Sınavı Ücreti,"₺400,00",Havale/EFT,Hayır
500,01.02 2026,100,3,Deneme Sınavı Ücreti,"₺400,00",Havale/EFT,Hayır
501,01.02.2026,101,3,Deneme Sınavı Ücreti,"₺400,00",Havale/EFT,Hayır
502,01.02 2026,102,3,Deneme Sınavı Ücreti,"₺400,00",Havale/EFT,Hayır
503,01.02.2026,103,3,Deneme Sınavı Ücreti,"₺400,00",Havale/EFT,Hayır
504,01.02 2026,104,3,Deneme Sınavı Ücreti,"₺400,00",Havale/EFT,Hayır
505,01.02.2026,105,3,Deneme Sınavı Ücreti,"₺400,00",Havale/EFT,Hayır
506,01.02 2026,106,3,Deneme Sınavı Ücreti,"₺400,00",Havale/EFT,Hayır
507,01.02.2026,107,3,Deneme Sınavı Ücreti,"₺400,00",Havale/EFT,Hayır
508,01.02 2026,108,3,Deneme Sınavı Ücreti,"₺400,00",Havale/EFT,Hayır
509,01.02.2026,109,3,Deneme Sınavı Ücreti,"₺400,00",Havale/EFT,Hayır
510,01.02 2026,110,3,Deneme Sınavı Ücreti,"₺400,00",Havale/EFT,Hayır
511,01.02.2026,111,3,Deneme Sınavı Ücreti,"₺400,00",Havale/EFT,Hayır
512,01.02 2026,112,3,Deneme Sınavı Ücreti,"₺400,00",Havale/EFT,Hayır
513,01.02.2026,113,3,Deneme Sınavı Ücreti,"₺400,00",Havale/EFT,Hayır
514,01.02 2026,114,3,Deneme Sınavı Ücreti,"₺400,00",Havale/EFT,Hayır
515,01.02.2026,115,3,Deneme Sınavı Ücreti,"₺400,00",Havale/EFT,Hayır
516,01.02 2026,116,3,Deneme Sınavı Ücreti,"₺400,00",Havale/EFT,Hayır
517,01.02.2026,117,3,Deneme Sınavı Ücreti,"₺400,00",Havale/EFT,Hayır
518,01.02 2026,118,3,Deneme Sınavı Ücreti,"₺400,00",Havale/EFT,Hayır
519,01.02.2026,119,3,Deneme Sınavı Ücreti,"₺400,00",Havale/EFT,Hayır
520,01.02 2026,120,3,Deneme Sınavı Ücreti,"₺400,00",Havale/EFT,Hayır
521,01.02.2026,121,3,Deneme Sınavı Ücreti,"₺400,00",Havale/EFT,Hayır
522,01.02 2026,122,3,Deneme Sınavı Ücreti,"₺400,00",Havale/EFT,Hayır
523,01.02.2026,123,3,Deneme Sınavı Ücreti,"₺400,00",Havale/EFT,Hayır
524,01.02 2026,124,3,Deneme Sınavı Ücreti,"₺400,00",Havale/EFT,Hayır
525,01.02.2026,125,3,Deneme Sınavı Ücreti,"₺400,00",Havale/EFT,Hayır
526,01.02 2026,126,3,Deneme Sınavı Ücreti,"₺400,00",Havale/EFT,Hayır
527,01.02.2026,127,3,Deneme Sınavı Ücreti,"₺400,00",Havale/EFT,Hayır
528,01.02 2026,128,3,Deneme Sınavı Ücreti,"₺400,00",Havale/EFT,Hayır
529,01.02.2026,129,3,Deneme Sınavı Ücreti,"₺400,00",Havale/EFT,Hayır
530,01.02 2026,130,3,Deneme Sınavı Ücreti,"₺400,00",Havale/EFT,Hayır
531,01.02.2026,131,3,Deneme Sınavı Ücreti,"₺400,00",Havale/EFT,Hayır
532,01.02 2026,132,3,Deneme Sınavı Ücreti,"₺400,00",Havale/EFT,Hayır
533,01.02.2026,133,3,Deneme Sınavı Ücreti,"₺400,00",Havale/EFT,Hayır
534,01.02 2026,134,3,Deneme Sınavı Ücreti,"₺400,00",Havale/EFT,Hayır
535,01.02.2026,135,3,Deneme Sınavı Ücreti,"₺400,00",Havale/EFT,Hayır
536,01.02 2026,136,3,Deneme Sınavı Ücreti,"₺400,00",Havale/EFT,Hayır
537,01.02.2026,137,3,Deneme Sınavı Ücreti,"₺400,00",Havale/EFT,Hayır
538,01.02 2026,138,3,Deneme Sınavı Ücreti,"₺400,00",Havale/EFT,Hayır
539,01.02.2026,139,3,Deneme Sınavı Ücreti,"₺400,00",Havale/EFT,Hayır
540,01.02 2026,140,3,Deneme Sınavı Ücreti,"₺400,00",Havale/EFT,Hayır
541,01.02.2026,141,3,Deneme Sınavı Ücreti,"₺400,00",Havale/EFT,Hayır
542,01.02 2026,142,3,Deneme Sınavı Ücreti,"₺400,00",Havale/EFT,Hayır
543,01.02.2026,143,3,Deneme Sınavı Ücreti,"₺400,00",Havale/EFT,Hayır
544,01.02 2026,144,3,Deneme Sınavı Ücreti,"₺400,00",Havale/EFT,Hayır
545,01.02.2026,145,3,Deneme Sınavı Ücreti,"₺400,00",Havale/EFT,Hayır
546,01.02 2026,146,3,Deneme Sınavı Ücreti,"₺400,00",Havale/EFT,Hayır
547,01.02.2026,147,3,Deneme Sınavı Ücreti,"₺400,00",Havale/EFT,Hayır
548,01.02 2026,148,3,Deneme Sınavı Ücreti,"₺400,00",Havale/EFT,Hayır
549,01.02.2026,149,3,Deneme Sınavı Ücreti,"₺400,00",Havale/EFT,Hayır
550,01.02 2026,150,3,Deneme Sınavı Ücreti,"₺400,00",Havale/EFT,Hayır
551,01.02.2026,151,3,Deneme Sınavı Ücreti,"₺400,00",Havale/EFT,Hayır
552,01.02 2026,152,3,Deneme Sınavı Ücreti,"₺400,00",Havale/EFT,Hayır
553,01.02.2026,153,3,Deneme Sınavı Ücreti,"₺400,00",Havale/EFT,Hayır
554,01.02 2026,154,3,Deneme Sınavı Ücreti,"₺400,00",Havale/EFT,Hayır
555,01.02.2026,155,3,Deneme Sınavı Ücreti,"₺400,00",Havale/EFT,Hayır
556,01.02 2026,156,3,Deneme Sınavı Ücreti,"₺400,00",Havale/EFT,Hayır
557,01.02.2026,157,3,Deneme Sınavı Ücreti,"₺400,00",Havale/EFT,Hayır
558,01.02 2026,158,3,Deneme Sınavı Ücreti,"₺400,00",Havale/EFT,Hayır
559,01.02.2026,159,3,Deneme Sınavı Ücreti,"₺400,00",Havale/EFT,Hayır
560,01.02 2026,160,3,Deneme Sınavı Ücreti,"₺400,00",Havale/EFT,Hayır
561,01.02.2026,161,3,Deneme Sınavı Ücreti,"₺400,00",Havale/EFT,Hayır
562,01.02 2026,162,3,Deneme Sınavı Ücreti,"₺400,00",Havale/EFT,Hayır
563,01.02.2026,163,3,Deneme Sınavı Ücreti,"₺400,00",Havale/EFT,Hayır
564,01.02 2026,164,3,Deneme Sınavı Ücreti,"₺400,00",Havale/EFT,Hayır
565,01.02.2026,165,3,Deneme Sınavı Ücreti,"₺400,00",Havale/EFT,Hayır
566,01.02 2026,166,3,Deneme Sınavı Ücreti,"₺400,00",Havale/EFT,Hayır
567,01.02.2026,167,3,Deneme Sınavı Ücreti,"₺400,00",Havale/EFT,Hayır
568,01.02 2026,168,3,Deneme Sınavı Ücreti,"₺400,00",Havale/EFT,Hayır
569,01.02.2026,169,3,Deneme Sınavı Ücreti,"₺400,00",Havale/EFT,Hayır
570,01.02 2026,170,3,Deneme Sınavı Ücreti,"₺400,00",Havale/EFT,Hayır
571,01.02.2026,171,3,Deneme Sınavı Ücreti,"₺400,00",Havale/EFT,Hayır
572,01.02 2026,172,3,Deneme Sınavı Ücreti,"₺400,00",Havale/EFT,Hayır
573,01.02.2026,173,3,Deneme Sınavı Ücreti,"₺400,00",Havale/EFT,Hayır
574,01.02 2026,174,3,Deneme Sınavı Ücreti,"₺400,00",Havale/EFT,Hayır
575,01.02.2026,175,3,Deneme Sınavı Ücreti,"₺400,00",Havale/EFT,Hayır
576,01.02 2026,176,3,Deneme Sınavı Ücreti,"₺400,00",Havale/EFT,Hayır
577,01.02.2026,177,3,Deneme Sınavı Ücreti,"₺400,00",Havale/EFT,Hayır
578,01.02 2026,178,3,Deneme Sınavı Ücreti,"₺400,00",Havale/EFT,Hayır
579,01.02.2026,179,3,Deneme Sınavı Ücreti,"₺400,00",Havale/EFT,Hayır
580,01.02 2026,180,3,Deneme Sınavı Ücreti,"₺400,00",Havale/EFT,Hayır
581,01.02.2026,181,3,Deneme Sınavı Ücreti,"₺400,00",Havale/EFT,Hayır
582,01.02 2026,182,3,Deneme Sınavı Ücreti,"₺400,00",Havale/EFT,Hayır
583,01.02.2026,183,3,Deneme Sınavı Ücreti,"₺400,00",Havale/EFT,Hayır
584,01.02 2026,184,3,Deneme Sınavı Ücreti,"₺400,00",Havale/EFT,Hayır
585,01.02.2026,185,3,Deneme Sınavı Ücreti,"₺400,00",Havale/EFT,Hayır
586,01.02 2026,186,3,Deneme Sınavı Ücreti,"₺400,00",Havale/EFT,Hayır
587,01.02.2026,187,3,Deneme Sınavı Ücreti,"₺400,00",Havale/EFT,Hayır
588,01.02 2026,188,3,Deneme Sınavı Ücreti,"₺400,00",Havale/EFT,Hayır
589,01.02.2026,189,3,Deneme Sınavı Ücreti,"₺400,00",Havale/EFT,Hayır
590,01.02 2026,190,3,Deneme Sınavı Ücreti,"₺400,00",Havale/EFT,Hayır
591,01.02.2026,191,3,Deneme Sınavı Ücreti,"₺400,00",Havale/EFT,Hayır
592,01.02 2026,192,3,Deneme Sınavı Ücreti,"₺400,00",Havale/EFT,Hayır
593,01.02 2026,193,3,Deneme Sınavı Ücreti,"₺400,00",Havale/EFT,Hayır
594,01.02.2026,194,3,Deneme Sınavı Ücreti,"₺400,00",Havale/EFT,Hayır
595,01.02 2026,195,3,Deneme Sınavı Ücreti,"₺400,00",Havale/EFT,Hayır
596,01.02.2026,196,3,Deneme Sınavı Ücreti,"₺400,00",Havale/EFT,Hayır
597,01.02 2026,197,3,Deneme Sınavı Ücreti,"₺400,00",Havale/EFT,Hayır
598,01.02 2026,198,3,Deneme Sınavı Ücreti,"₺400,00",Havale/EFT,Hayır
599,01.02.2026,199,3,Deneme Sınavı Ücreti,"₺400,00",Havale/EFT,Hayır
600,01.02 2026,200,3,Deneme Sınavı Ücreti,"₺400,00",Havale/EFT,Hayır
601,01.03.2026,1,3,Deneme Sınavı Ücreti,"₺400,00",Havale/EFT,Hayır
602,01.03 2026,2,3,Deneme Sınavı Ücreti,"₺400,00",Havale/EFT,Hayır
603,01.03.2026,3,3,Deneme Sınavı Ücreti,"₺400,00",Havale/EFT,Hayır
604,01.03 2026,4,3,Deneme Sınavı Ücreti,"₺400,00",Havale/EFT,Hayır
605,01.03.2026,5,3,Deneme Sınavı Ücreti,"₺400,00",Havale/EFT,Hayır
606,01.03 2026,6,3,Deneme Sınavı Ücreti,"₺400,00",Havale/EFT,Hayır
607,01.03.2026,7,3,Deneme Sınavı Ücreti,"₺400,00",Havale/EFT,Hayır
608,01.03 2026,8,3,Deneme Sınavı Ücreti,"₺400,00",Havale/EFT,Hayır
609,01.03.2026,9,3,Deneme Sınavı Ücreti,"₺400,00",Havale/EFT,Hayır
610,01.03 2026,10,3,Deneme Sınavı Ücreti,"₺400,00",Havale/EFT,Hayır
611,01.03.2026,11,3,Deneme Sınavı Ücreti,"₺400,00",Havale/EFT,Hayır
612,01.03 2026,12,3,Deneme Sınavı Ücreti,"₺400,00",Havale/EFT,Hayır
613,01.03.2026,13,3,Deneme Sınavı Ücreti,"₺400,00",Havale/EFT,Hayır
614,01.03 2026,14,3,Deneme Sınavı Ücreti,"₺400,00",Havale/EFT,Hayır
615,01.03.2026,15,3,Deneme Sınavı Ücreti,"₺400,00",Havale/EFT,Hayır
616,01.03 2026,16,3,Deneme Sınavı Ücreti,"₺400,00",Havale/EFT,Hayır
617,01.03.2026,17,3,Deneme Sınavı Ücreti,"₺400,00",Havale/EFT,Hayır
618,01.03 2026,18,3,Deneme Sınavı Ücreti,"₺400,00",Havale/EFT,Hayır
619,01.03.2026,19,3,Deneme Sınavı Ücreti,"₺400,00",Havale/EFT,Hayır
620,01.03 2026,20,3,Deneme Sınavı Ücreti,"₺400,00",Havale/EFT,Hayır
621,01.03.2026,21,3,Deneme Sınavı Ücreti,"₺400,00",Havale/EFT,Hayır
622,01.03 2026,22,3,Deneme Sınavı Ücreti,"₺400,00",Havale/EFT,Hayır
623,01.03.2026,23,3,Deneme Sınavı Ücreti,"₺400,00",Havale/EFT,Hayır
624,01.03 2026,24,3,Deneme Sınavı Ücreti,"₺400,00",Havale/EFT,Hayır
625,01.03.2026,25,3,Deneme Sınavı Ücreti,"₺400,00",Havale/EFT,Hayır
626,01.03 2026,26,3,Deneme Sınavı Ücreti,"₺400,00",Havale/EFT,Hayır
627,01.03.2026,27,3,Deneme Sınavı Ücreti,"₺400,00",Havale/EFT,Hayır
628,01.03 2026,28,3,Deneme Sınavı Ücreti,"₺400,00",Havale/EFT,Hayır
629,01.03.2026,29,3,Deneme Sınavı Ücreti,"₺400,00",Havale/EFT,Hayır
630,01.03 2026,30,3,Deneme Sınavı Ücreti,"₺400,00",Havale/EFT,Hayır
631,01.03.2026,31,3,Deneme Sınavı Ücreti,"₺400,00",Havale/EFT,Hayır
632,01.03 2026,32,3,Deneme Sınavı Ücreti,"₺400,00",Havale/EFT,Hayır
633,01.03.2026,33,3,Deneme Sınavı Ücreti,"₺400,00",Havale/EFT,Hayır
634,01.03 2026,34,3,Deneme Sınavı Ücreti,"₺400,00",Havale/EFT,Hayır
635,01.03.2026,35,3,Deneme Sınavı Ücreti,"₺400,00",Havale/EFT,Hayır
636,01.03 2026,36,3,Deneme Sınavı Ücreti,"₺400,00",Havale/EFT,Hayır
637,01.03.2026,37,3,Deneme Sınavı Ücreti,"₺400,00",Havale/EFT,Hayır
638,01.03 2026,38,3,Deneme Sınavı Ücreti,"₺400,00",Havale/EFT,Hayır
639,01.03.2026,39,3,Deneme Sınavı Ücreti,"₺400,00",Havale/EFT,Hayır
640,01.03 2026,40,3,Deneme Sınavı Ücreti,"₺400,00",Havale/EFT,Hayır
641,01.03.2026,41,3,Deneme Sınavı Ücreti,"₺400,00",Havale/EFT,Hayır
642,01.03 2026,42,3,Deneme Sınavı Ücreti,"₺400,00",Havale/EFT,Hayır
643,01.03.2026,43,3,Deneme Sınavı Ücreti,"₺400,00",Havale/EFT,Hayır
644,01.03 2026,44,3,Deneme Sınavı Ücreti,"₺400,00",Havale/EFT,Hayır
645,01.03.2026,45,3,Deneme Sınavı Ücreti,"₺400,00",Havale/EFT,Hayır
646,01.03 2026,46,3,Deneme Sınavı Ücreti,"₺400,00",Havale/EFT,Hayır
647,01.03.2026,47,3,Deneme Sınavı Ücreti,"₺400,00",Havale/EFT,Hayır
648,01.03 2026,48,3,Deneme Sınavı Ücreti,"₺400,00",Havale/EFT,Hayır
649,01.03.2026,49,3,Deneme Sınavı Ücreti,"₺400,00",Havale/EFT,Hayır
650,01.03 2026,50,3,Deneme Sınavı Ücreti,"₺400,00",Havale/EFT,Hayır
651,01.03.2026,51,3,Deneme Sınavı Ücreti,"₺400,00",Havale/EFT,Hayır
652,01.03 2026,52,3,Deneme Sınavı Ücreti,"₺400,00",Havale/EFT,Hayır
653,01.03.2026,53,3,Deneme Sınavı Ücreti,"₺400,00",Havale/EFT,Hayır
654,01.03 2026,54,3,Deneme Sınavı Ücreti,"₺400,00",Havale/EFT,Hayır
655,01.03.2026,55,3,Deneme Sınavı Ücreti,"₺400,00",Havale/EFT,Hayır
656,01.03 2026,56,3,Deneme Sınavı Ücreti,"₺400,00",Havale/EFT,Hayır
657,01.03.2026,57,3,Deneme Sınavı Ücreti,"₺400,00",Havale/EFT,Hayır
658,01.03 2026,58,3,Deneme Sınavı Ücreti,"₺400,00",Havale/EFT,Hayır
659,01.03.2026,59,3,Deneme Sınavı Ücreti,"₺400,00",Havale/EFT,Hayır
660,01.03 2026,60,3,Deneme Sınavı Ücreti,"₺400,00",Havale/EFT,Hayır
661,01.03.2026,61,3,Deneme Sınavı Ücreti,"₺400,00",Havale/EFT,Hayır
662,01.03 2026,62,3,Deneme Sınavı Ücreti,"₺400,00",Havale/EFT,Hayır
663,01.03.2026,63,3,Deneme Sınavı Ücreti,"₺400,00",Havale/EFT,Hayır
664,01.03 2026,64,3,Deneme Sınavı Ücreti,"₺400,00",Havale/EFT,Hayır
665,01.03.2026,65,3,Deneme Sınavı Ücreti,"₺400,00",Havale/EFT,Hayır
666,01.03 2026,66,3,Deneme Sınavı Ücreti,"₺400,00",Havale/EFT,Hayır
667,01.03.2026,67,3,Deneme Sınavı Ücreti,"₺400,00",Havale/EFT,Hayır
668,01.03 2026,68,3,Deneme Sınavı Ücreti,"₺400,00",Havale/EFT,Hayır
669,01.03.2026,69,3,Deneme Sınavı Ücreti,"₺400,00",Havale/EFT,Hayır
670,01.03 2026,70,3,Deneme Sınavı Ücreti,"₺400,00",Havale/EFT,Hayır
671,01.03.2026,71,3,Deneme Sınavı Ücreti,"₺400,00",Havale/EFT,Hayır
672,01.03 2026,72,3,Deneme Sınavı Ücreti,"₺400,00",Havale/EFT,Hayır
673,01.03.2026,73,3,Deneme Sınavı Ücreti,"₺400,00",Havale/EFT,Hayır
674,01.03 2026,74,3,Deneme Sınavı Ücreti,"₺400,00",Havale/EFT,Hayır
675,01.03.2026,75,3,Deneme Sınavı Ücreti,"₺400,00",Havale/EFT,Hayır
676,01.03 2026,76,3,Deneme Sınavı Ücreti,"₺400,00",Havale/EFT,Hayır
677,01.03.2026,77,3,Deneme Sınavı Ücreti,"₺400,00",Havale/EFT,Hayır
678,01.03 2026,78,3,Deneme Sınavı Ücreti,"₺400,00",Havale/EFT,Hayır
679,01.03.2026,79,3,Deneme Sınavı Ücreti,"₺400,00",Havale/EFT,Hayır
680,01.03 2026,80,3,Deneme Sınavı Ücreti,"₺400,00",Havale/EFT,Hayır
681,01.03.2026,81,3,Deneme Sınavı Ücreti,"₺400,00",Havale/EFT,Hayır
682,01.03 2026,82,3,Deneme Sınavı Ücreti,"₺400,00",Havale/EFT,Hayır
683,01.03.2026,83,3,Deneme Sınavı Ücreti,"₺400,00",Havale/EFT,Hayır
684,01.03 2026,84,3,Deneme Sınavı Ücreti,"₺400,00",Havale/EFT,Hayır
685,01.03.2026,85,3,Deneme Sınavı Ücreti,"₺400,00",Havale/EFT,Hayır
686,01.03.2026,86,3,Deneme Sınavı Ücreti,"₺400,00",Havale/EFT,Hayır
687,01.03 2026,87,3,Deneme Sınavı Ücreti,"₺400,00",Havale/EFT,Hayır
688,01.03.2026,88,3,Deneme Sınavı Ücreti,"₺400,00",Havale/EFT,Hayır
689,01.03 2026,89,3,Deneme Sınavı Ücreti,"₺400,00",Havale/EFT,Hayır
690,01.03.2026,90,3,Deneme Sınavı Ücreti,"₺400,00",Havale/EFT,Hayır
691,01.03 2026,91,3,Deneme Sınavı Ücreti,"₺400,00",Havale/EFT,Hayır
692,01.03.2026,92,3,Deneme Sınavı Ücreti,"₺400,00",Havale/EFT,Hayır
693,01.03 2026,93,3,Deneme Sınavı Ücreti,"₺400,00",Havale/EFT,Hayır
694,01.03.2026,94,3,Deneme Sınavı Ücreti,"₺400,00",Havale/EFT,Hayır
695,01.03 2026,95,3,Deneme Sınavı Ücreti,"₺400,00",Havale/EFT,Hayır
696,01.03.2026,96,3,Deneme Sınavı Ücreti,"₺400,00",Havale/EFT,Hayır
697,01.03 2026,97,3,Deneme Sınavı Ücreti,"₺400,00",Havale/EFT,Hayır
698,01.03.2026,98,3,Deneme Sınavı Ücreti,"₺400,00",Havale/EFT,Hayır
699,01.03 2026,99,3,Deneme Sınavı Ücreti,"₺400,00",Havale/EFT,Hayır
700,01.03.2026,100,3,Deneme Sınavı Ücreti,"₺400,00",Havale/EFT,Hayır
701,01.03 2026,101,3,Deneme Sınavı Ücreti,"₺400,00",Havale/EFT,Hayır
702,01.03.2026,102,3,Deneme Sınavı Ücreti,"₺400,00",Havale/EFT,Hayır
703,01.03 2026,103,3,Deneme Sınavı Ücreti,"₺400,00",Havale/EFT,Hayır
704,01.03.2026,104,3,Deneme Sınavı Ücreti,"₺400,00",Havale/EFT,Hayır
705,01.03 2026,105,3,Deneme Sınavı Ücreti,"₺400,00",Havale/EFT,Hayır
706,01.03.2026,106,3,Deneme Sınavı Ücreti,"₺400,00",Havale/EFT,Hayır
707,01.03 2026,107,3,Deneme Sınavı Ücreti,"₺400,00",Havale/EFT,Hayır
708,01.03.2026,108,3,Deneme Sınavı Ücreti,"₺400,00",Havale/EFT,Hayır
709,01.03 2026,109,3,Deneme Sınavı Ücreti,"₺400,00",Havale/EFT,Hayır
710,01.03.2026,110,3,Deneme Sınavı Ücreti,"₺400,00",Havale/EFT,Hayır
711,01.03 2026,111,3,Deneme Sınavı Ücreti,"₺400,00",Havale/EFT,Hayır
712,01.03.2026,112,3,Deneme Sınavı Ücreti,"₺400,00",Havale/EFT,Hayır
713,01.03 2026,113,3,Deneme Sınavı Ücreti,"₺400,00",Havale/EFT,Hayır
714,01.03.2026,114,3,Deneme Sınavı Ücreti,"₺400,00",Havale/EFT,Hayır
715,01.03 2026,115,3,Deneme Sınavı Ücreti,"₺400,00",Havale/EFT,Hayır
716,01.03.2026,116,3,Deneme Sınavı Ücreti,"₺400,00",Havale/EFT,Hayır
717,01.03 2026,117,3,Deneme Sınavı Ücreti,"₺400,00",Havale/EFT,Hayır
718,01.03.2026,118,3,Deneme Sınavı Ücreti,"₺400,00",Havale/EFT,Hayır
719,01.03 2026,119,3,Deneme Sınavı Ücreti,"₺400,00",Havale/EFT,Hayır
720,01.03.2026,120,3,Deneme Sınavı Ücreti,"₺400,00",Havale/EFT,Hayır
721,01.03 2026,121,3,Deneme Sınavı Ücreti,"₺400,00",Havale/EFT,Hayır
722,01.03.2026,122,3,Deneme Sınavı Ücreti,"₺400,00",Havale/EFT,Hayır
723,01.03 2026,123,3,Deneme Sınavı Ücreti,"₺400,00",Havale/EFT,Hayır
724,01.03.2026,124,3,Deneme Sınavı Ücreti,"₺400,00",Havale/EFT,Hayır
725,01.03 2026,125,3,Deneme Sınavı Ücreti,"₺400,00",Havale/EFT,Hayır
726,01.03.2026,126,3,Deneme Sınavı Ücreti,"₺400,00",Havale/EFT,Hayır
727,01.03 2026,127,3,Deneme Sınavı Ücreti,"₺400,00",Havale/EFT,Hayır
728,01.03.2026,128,3,Deneme Sınavı Ücreti,"₺400,00",Havale/EFT,Hayır
729,01.03 2026,129,3,Deneme Sınavı Ücreti,"₺400,00",Havale/EFT,Hayır
730,01.03.2026,130,3,Deneme Sınavı Ücreti,"₺400,00",Havale/EFT,Hayır
731,01.03 2026,131,3,Deneme Sınavı Ücreti,"₺400,00",Havale/EFT,Hayır
732,01.03.2026,132,3,Deneme Sınavı Ücreti,"₺400,00",Havale/EFT,Hayır
733,01.03 2026,133,3,Deneme Sınavı Ücreti,"₺400,00",Havale/EFT,Hayır
734,01.03.2026,134,3,Deneme Sınavı Ücreti,"₺400,00",Havale/EFT,Hayır
735,01.03 2026,135,3,Deneme Sınavı Ücreti,"₺400,00",Havale/EFT,Hayır
736,01.03.2026,136,3,Deneme Sınavı Ücreti,"₺400,00",Havale/EFT,Hayır
737,01.03 2026,137,3,Deneme Sınavı Ücreti,"₺400,00",Havale/EFT,Hayır
738,01.03.2026,138,3,Deneme Sınavı Ücreti,"₺400,00",Havale/EFT,Hayır
739,01.03 2026,139,3,Deneme Sınavı Ücreti,"₺400,00",Havale/EFT,Hayır
740,01.03.2026,140,3,Deneme Sınavı Ücreti,"₺400,00",Havale/EFT,Hayır
741,01.03 2026,141,3,Deneme Sınavı Ücreti,"₺400,00",Havale/EFT,Hayır
742,01.03.2026,142,3,Deneme Sınavı Ücreti,"₺400,00",Havale/EFT,Hayır
743,01.03 2026,143,3,Deneme Sınavı Ücreti,"₺400,00",Havale/EFT,Hayır
744,01.03.2026,144,3,Deneme Sınavı Ücreti,"₺400,00",Havale/EFT,Hayır
745,01.03 2026,145,3,Deneme Sınavı Ücreti,"₺400,00",Havale/EFT,Hayır
746,01.03.2026,146,3,Deneme Sınavı Ücreti,"₺400,00",Havale/EFT,Hayır
747,01.03 2026,147,3,Deneme Sınavı Ücreti,"₺400,00",Havale/EFT,Hayır
748,01.03.2026,148,3,Deneme Sınavı Ücreti,"₺400,00",Havale/EFT,Hayır
749,01.03 2026,149,3,Deneme Sınavı Ücreti,"₺400,00",Havale/EFT,Hayır
750,01.03.2026,150,3,Deneme Sınavı Ücreti,"₺400,00",Havale/EFT,Hayır
751,01.03 2026,151,3,Deneme Sınavı Ücreti,"₺400,00",Havale/EFT,Hayır
752,01.03.2026,152,3,Deneme Sınavı Ücreti,"₺400,00",Havale/EFT,Hayır
753,01.03 2026,153,3,Deneme Sınavı Ücreti,"₺400,00",Havale/EFT,Hayır
754,01.03.2026,154,3,Deneme Sınavı Ücreti,"₺400,00",Havale/EFT,Hayır
755,01.03 2026,155,3,Deneme Sınavı Ücreti,"₺400,00",Havale/EFT,Hayır
756,01.03.2026,156,3,Deneme Sınavı Ücreti,"₺400,00",Havale/EFT,Hayır
757,01.03 2026,157,3,Deneme Sınavı Ücreti,"₺400,00",Havale/EFT,Hayır
758,01.03.2026,158,3,Deneme Sınavı Ücreti,"₺400,00",Havale/EFT,Hayır
759,01.03 2026,159,3,Deneme Sınavı Ücreti,"₺400,00",Havale/EFT,Hayır
760,01.03.2026,160,3,Deneme Sınavı Ücreti,"₺400,00",Havale/EFT,Hayır
761,01.03 2026,161,3,Deneme Sınavı Ücreti,"₺400,00",Havale/EFT,Hayır
762,01.03.2026,162,3,Deneme Sınavı Ücreti,"₺400,00",Havale/EFT,Hayır
763,01.03 2026,163,3,Deneme Sınavı Ücreti,"₺400,00",Havale/EFT,Hayır
764,01.03.2026,164,3,Deneme Sınavı Ücreti,"₺400,00",Havale/EFT,Hayır
765,01.03 2026,165,3,Deneme Sınavı Ücreti,"₺400,00",Havale/EFT,Hayır
766,01.03.2026,166,3,Deneme Sınavı Ücreti,"₺400,00",Havale/EFT,Hayır
767,01.03 2026,167,3,Deneme Sınavı Ücreti,"₺400,00",Havale/EFT,Hayır
768,01.03.2026,168,3,Deneme Sınavı Ücreti,"₺400,00",Havale/EFT,Hayır
769,01.03 2026,169,3,Deneme Sınavı Ücreti,"₺400,00",Havale/EFT,Hayır
770,01.03.2026,170,3,Deneme Sınavı Ücreti,"₺400,00",Havale/EFT,Hayır
771,01.03.2026,171,3,Deneme Sınavı Ücreti,"₺400,00",Havale/EFT,Hayır
772,01.03 2026,172,3,Deneme Sınavı Ücreti,"₺400,00",Havale/EFT,Hayır
773,01.03.2026,173,3,Deneme Sınavı Ücreti,"₺400,00",Havale/EFT,Hayır
774,01.03 2026,174,3,Deneme Sınavı Ücreti,"₺400,00",Havale/EFT,Hayır
775,01.03.2026,175,3,Deneme Sınavı Ücreti,"₺400,00",Havale/EFT,Hayır
776,01.03 2026,176,3,Deneme Sınavı Ücreti,"₺400,00",Havale/EFT,Hayır
777,01.03.2026,177,3,Deneme Sınavı Ücreti,"₺400,00",Havale/EFT,Hayır
778,01.03 2026,178,3,Deneme Sınavı Ücreti,"₺400,00",Havale/EFT,Hayır
779,01.03.2026,179,3,Deneme Sınavı Ücreti,"₺400,00",Havale/EFT,Hayır
780,01.03 2026,180,3,Deneme Sınavı Ücreti,"₺400,00",Havale/EFT,Hayır
781,01.03.2026,181,3,Deneme Sınavı Ücreti,"₺400,00",Havale/EFT,Hayır
782,01.03 2026,182,3,Deneme Sınavı Ücreti,"₺400,00",Havale/EFT,Hayır
783,01.03.2026,183,3,Deneme Sınavı Ücreti,"₺400,00",Havale/EFT,Hayır
784,01.03 2026,184,3,Deneme Sınavı Ücreti,"₺400,00",Havale/EFT,Hayır
785,01.03.2026,185,3,Deneme Sınavı Ücreti,"₺400,00",Havale/EFT,Hayır
786,01.03 2026,186,3,Deneme Sınavı Ücreti,"₺400,00",Havale/EFT,Hayır
787,01.03.2026,187,3,Deneme Sınavı Ücreti,"₺400,00",Havale/EFT,Hayır
788,01.03 2026,188,3,Deneme Sınavı Ücreti,"₺400,00",Havale/EFT,Hayır
789,01.03.2026,189,3,Deneme Sınavı Ücreti,"₺400,00",Havale/EFT,Hayır
790,01.03 2026,190,3,Deneme Sınavı Ücreti,"₺400,00",Havale/EFT,Hayır
791,01.03.2026,191,3,Deneme Sınavı Ücreti,"₺400,00",Havale/EFT,Hayır
792,01.03 2026,192,3,Deneme Sınavı Ücreti,"₺400,00",Havale/EFT,Hayır
793,01.03.2026,193,3,Deneme Sınavı Ücreti,"₺400,00",Havale/EFT,Hayır
794,01.03 2026,194,3,Deneme Sınavı Ücreti,"₺400,00",Havale/EFT,Hayır
795,01.03.2026,195,3,Deneme Sınavı Ücreti,"₺400,00",Havale/EFT,Hayır
796,01.03 2026,196,3,Deneme Sınavı Ücreti,"₺400,00",Havale/EFT,Hayır
797,01.03.2026,197,3,Deneme Sınavı Ücreti,"₺400,00",Havale/EFT,Hayır
798,01.03 2026,198,3,Deneme Sınavı Ücreti,"₺400,00",Havale/EFT,Hayır
799,01.03.2026,199,3,Deneme Sınavı Ücreti,"₺400,00",Havale/EFT,Hayır
800,01.03 2026,200,3,Deneme Sınavı Ücreti,"₺400,00",Havale/EFT,Hayır